Company,Baseline Location,Country,Actual City,Review URL,Overall,Recommend,CEO Approval,Total Reviews,Diversity & Inclusion,Work/Life Balance,Compensation and Benefits,Culture & Values,Career Opportunities,Senior Management
Acer - Global,Global,,Global,https://www.glassdoor.com/Reviews/Acer-Group-Reviews-E3802.htm,3.8,63%,73%,510,3.6,3.8,3.6,3.6,3.4,3.1
Dell Technologies - Global,Global,,Global,https://www.glassdoor.com/Reviews/Dell-Technologies-Reviews-E1327.htm,3.7,64%,70%,"36,332",4.1,3.8,3.5,3.7,3.4,3.3
"Dell Technologies - Fremont, CA","Fremont, CA",United States,"Aliso, CA","https://www.glassdoor.com/Reviews/Dell-Technologies-Aliso-Reviews-EI_IE1327.0,17_IL.18,23_IC3789361.htm",4.0,99%,100%,2,,5.0,5.0,4.0,4.0,3.0
"Dell Technologies - Mumbai, MH","Mumbai, MH",India,"Bengaluru, KA","https://www.glassdoor.com/Reviews/Dell-Technologies-Bengaluru-Reviews-EI_IE1327.0,17_IL.18,27_IC2940587.htm",3.9,71%,86%,"5,161",4.2,4.0,3.5,4.1,3.7,3.4
HP Inc. - Global,Global,,Global,https://www.glassdoor.com/Reviews/HP-Inc-Reviews-E1093161.htm,3.9,74%,59%,"9,431",4.2,4.1,3.5,4.0,3.5,3.4
"HP Inc. - Fremont, CA","Fremont, CA",United States,"Boise, ID","https://www.glassdoor.com/Reviews/HP-Inc-Boise-Reviews-EI_IE1093161.0,6_IL.7,12_IC1127927.htm",3.4,54%,,180,4.2,3.9,3.4,3.6,3.3,2.7
"HP Inc. - Barcelona, CT","Barcelona, CT",Spain,"Barcelona, CT","https://www.glassdoor.com/Reviews/HP-Inc-Barcelona-Reviews-EI_IE1093161.0,6_IL.7,16_IC2547194.htm",4.0,94%,,225,4.2,4.3,3.8,4.1,3.8,3.6
"HP Inc. - Hemel Hempstead, ENG","Hemel Hempstead, ENG",United Kingdom,"Cambridge, ENG","https://www.glassdoor.com/Reviews/HP-Inc-Cambridge-Reviews-EI_IE1093161.0,6_IL.7,16_IC2662516.htm",4.2,21%,,5,5.0,3.4,3.4,3.4,2.6,2.6
"HP Inc. - Mumbai, MH","Mumbai, MH",India,"Bengaluru, KA","https://www.glassdoor.com/Reviews/HP-Inc-Bengaluru-Reviews-EI_IE1093161.0,6_IL.7,16_IC2940587.htm",4.0,81%,99%,"1,340",4.2,4.2,3.4,4.2,3.6,3.6
HP Inc. - Singapore,Singapore,Singapore,Singapore,"https://www.glassdoor.com/Reviews/HP-Inc-Singapore-Reviews-EI_IE1093161.0,6_IL.7,16_IC3235921.htm",3.9,69%,,547,4.3,4.2,3.3,4.2,3.4,3.4
"HP Inc. - Taipei, TPQ","Taipei, TPQ",Taiwan,"Taipei, TPQ","https://www.glassdoor.com/Reviews/HP-Inc-Taipei-Reviews-EI_IE1093161.0,6_IL.7,13_IC3271041.htm",4.3,87%,,127,4.5,4.4,3.8,4.4,3.7,3.6
MSI - Global,Global,,Global,https://www.glassdoor.com/Reviews/MSI-Reviews-E1273104.htm,4.0,75%,91%,63,3.9,3.8,3.5,3.8,3.3,3.4
Quanta Computer - Global,Global,,Global,https://www.glassdoor.com/Reviews/Quanta-Computer-Reviews-E11939.htm,3.0,50%,54%,570,3.2,2.6,3.0,2.6,3.1,2.7
"Quanta Computer - Fremont, CA","Fremont, CA",United States,"Fremont, CA","https://www.glassdoor.com/Reviews/Quanta-Computer-Fremont-Reviews-EI_IE11939.0,15_IL.16,23_IC1147355.htm",2.9,3%,,60,2.6,2.7,2.3,2.6,2.1,2.5
Wistron - Global,Global,,Global,https://www.glassdoor.com/Reviews/Wistron-Reviews-E15218.htm,3.4,48%,83%,710,3.0,3.1,2.8,3.0,3.1,2.7
"Wistron - Taipei, TPQ","Taipei, TPQ",Taiwan,"Taipei, TPQ","https://www.glassdoor.com/Reviews/Wistron-Taipei-Reviews-EI_IE15218.0,7_IL.8,14_IC3271041.htm",3.6,66%,95%,216,3.3,3.5,3.0,3.3,3.5,2.9
AU Optronics - Global,Global,,Global,https://www.glassdoor.com/Reviews/AU-Optronics-Reviews-E16126.htm,3.5,61%,76%,400,3.3,3.7,3.1,3.3,3.4,3.0
Delta Electronics - Global,Global,,Global,https://www.glassdoor.com/Reviews/Delta-Electronics-Reviews-E41146.htm,3.6,66%,81%,754,3.5,3.5,3.6,3.4,3.5,3.2
"Delta Electronics - Taipei, TPQ","Taipei, TPQ",Taiwan,"Taipei, TPQ","https://www.glassdoor.com/Reviews/Delta-Electronics-Taipei-Reviews-EI_IE41146.0,17_IL.18,24_IC3271041.htm",4.0,93%,90%,118,3.5,4.2,3.9,3.2,3.9,3.4
Inventec - Global,Global,,Global,https://www.glassdoor.com/Reviews/Inventec-Reviews-E13485.htm,3.5,56%,77%,162,3.6,3.5,3.1,3.2,3.3,3.1
NVIDIA - Global,Global,,Global,https://www.glassdoor.com/Reviews/NVIDIA-Reviews-E7633.htm,4.4,90%,97%,"5,442",4.4,3.9,4.4,4.3,4.3,4.2
"NVIDIA - Fremont, CA","Fremont, CA",United States,"Austin, TX","https://www.glassdoor.com/Reviews/NVIDIA-Austin-Reviews-EI_IE7633.0,6_IL.7,13_IC1139761.htm",4.3,91%,91%,78,4.2,4.4,4.7,4.3,4.5,4.6
"NVIDIA - Markham, ON","Markham, ON",Canada,"Toronto, ON","https://www.glassdoor.com/Reviews/NVIDIA-Toronto-Reviews-EI_IE7633.0,6_IL.7,14_IC2281069.htm",4.9,88%,100%,23,4.8,4.5,5.0,4.8,4.6,4.8
"NVIDIA - Hemel Hempstead, ENG","Hemel Hempstead, ENG",United Kingdom,"Reading, ENG","https://www.glassdoor.com/Reviews/NVIDIA-Reading-Reviews-EI_IE7633.0,6_IL.7,14_IC2675152.htm",4.3,100%,93%,14,5.0,4.0,5.0,5.0,5.0,4.4
"NVIDIA - Ratingen, NW","Ratingen, NW",Germany,"Munich, BY","https://www.glassdoor.com/Reviews/NVIDIA-Munich-Reviews-EI_IE7633.0,6_IL.7,13_IC4990924.htm",5.0,100%,100%,19,4.8,3.9,5.0,4.9,4.6,4.9
"NVIDIA - Mumbai, MH","Mumbai, MH",India,"Bengaluru, KA","https://www.glassdoor.com/Reviews/NVIDIA-Bengaluru-Reviews-EI_IE7633.0,6_IL.7,16_IC2940587.htm",4.5,95%,99%,563,4.5,4.1,4.4,4.5,4.5,4.3
"NVIDIA - Taipei, TPQ","Taipei, TPQ",Taiwan,"Hsinchu, TXG","https://www.glassdoor.com/Reviews/NVIDIA-Hsinchu-Reviews-EI_IE7633.0,6_IL.7,14_IC4915323.htm",4.6,100%,100%,8,4.0,4.0,4.4,5.0,4.4,3.7
Trend Micro - Global,Global,,Global,https://www.glassdoor.com/Reviews/Trend-Micro-Inc-Reviews-E8983.htm,3.7,71%,75%,"2,073",4.0,4.0,3.3,4.0,3.6,3.3
"Trend Micro - Fremont, CA","Fremont, CA",United States,"Austin, TX","https://www.glassdoor.com/Reviews/Trend-Micro-Inc-Austin-Reviews-EI_IE8983.0,15_IL.16,22_IC1139761.htm",4.3,72%,68%,36,4.2,4.7,3.2,4.2,3.7,3.1
"Trend Micro - Markham, ON","Markham, ON",Canada,"Kanata, ON","https://www.glassdoor.com/Reviews/Trend-Micro-Inc-Kanata-Reviews-EI_IE8983.0,15_IL.16,22_IC2282818.htm",3.3,100%,100%,5,4.0,5.0,3.0,4.0,4.0,3.0
"Trend Micro - Hemel Hempstead, ENG","Hemel Hempstead, ENG",United Kingdom,"London, ENG","https://www.glassdoor.com/Reviews/Trend-Micro-Inc-London-Reviews-EI_IE8983.0,15_IL.16,22_IC2671300.htm",3.6,85%,99%,28,3.2,4.0,3.7,3.6,3.3,2.9
"Trend Micro - Ratingen, NW","Ratingen, NW",Germany,"Munich, BY","https://www.glassdoor.com/Reviews/Trend-Micro-Inc-Munich-Reviews-EI_IE8983.0,15_IL.16,22_IC4990924.htm",4.0,100%,100%,4,4.4,4.0,4.0,4.0,3.6,3.6
"Trend Micro - Tokyo, 40","Tokyo, 40",Japan,"Tokyo, 40","https://www.glassdoor.com/Reviews/Trend-Micro-Inc-Tokyo-Reviews-EI_IE8983.0,15_IL.16,21_IC2851580.htm",4.4,99%,100%,18,4.3,4.6,4.0,4.1,4.5,3.8
Wiwynn - Global,Global,,Global,https://www.glassdoor.com/Reviews/Wiwynn-Reviews-E1161475.htm,3.5,59%,,86,3.4,3.0,3.5,3.1,3.5,2.9
ASUS - Global,Global,,Global,https://www.glassdoor.com/Reviews/ASUS-Reviews-E40093.htm,3.6,57%,75%,"1,491",3.3,3.2,3.2,3.1,3.1,2.8
"ASUS - Fremont, CA","Fremont, CA",United States,"Fremont, CA","https://www.glassdoor.com/Reviews/ASUS-Fremont-Reviews-EI_IE40093.0,4_IL.5,12_IC1147355.htm",3.6,51%,97%,79,3.4,3.0,2.3,2.7,2.5,3.0
"ASUS - Markham, ON","Markham, ON",Canada,"Markham, ON","https://www.glassdoor.com/Reviews/ASUS-Markham-Reviews-EI_IE40093.0,4_IL.5,12_IC2280736.htm",2.0,0%,,14,1.1,1.6,2.1,1.1,1.3,1.3
"ASUS - Barcelona, CT","Barcelona, CT",Spain,"Barcelona, CT","https://www.glassdoor.com/Reviews/ASUS-Barcelona-Reviews-EI_IE40093.0,4_IL.5,14_IC2547194.htm",2.4,33%,,5,1.7,2.4,2.3,1.7,2.3,1.7
"ASUS - Budapest, BU","Budapest, BU",Hungary,"Budapest, BU","https://www.glassdoor.com/Reviews/ASUS-Budapest-Reviews-EI_IE40093.0,4_IL.5,13_IC3125126.htm",,,,,,,,,,
"ASUS - Emmen, DR","Emmen, DR",Netherlands,"Emmen, DR","https://www.glassdoor.com/Reviews/ASUS-Emmen-Reviews-EI_IE40093.0,4_IL.5,10_IC3060162.htm",,,,,,,,,,
"ASUS - Hemel Hempstead, ENG","Hemel Hempstead, ENG",United Kingdom,"Hemel Hempstead, ENG","https://www.glassdoor.com/Reviews/ASUS-Hemel-Hempstead-Reviews-EI_IE40093.0,4_IL.5,20_IC2669775.htm",3.7,99%,100%,17,4.5,3.8,2.8,4.3,3.0,3.8
"ASUS - Milan, LOM","Milan, LOM",Italy,"Milan, LOM","https://www.glassdoor.com/Reviews/ASUS-Milan-Reviews-EI_IE40093.0,4_IL.5,10_IC2802090.htm",3.3,100%,100%,1,3.3,2.4,1.5,2.4,3.3,3.3
"ASUS - Noisy-le-Grand, A8","Noisy-le-Grand, A8",France,"Noisy-le-Grand, A8","https://www.glassdoor.com/Reviews/ASUS-Noisy-le-Grand-Reviews-EI_IE40093.0,4_IL.5,19_IC3100822.htm",2.4,22%,23%,4,2.8,2.2,2.1,2.5,2.1,2.3
"ASUS - Ratingen, NW","Ratingen, NW",Germany,"Ratingen, NW","https://www.glassdoor.com/Reviews/ASUS-Ratingen-Reviews-EI_IE40093.0,4_IL.5,13_IC2584004.htm",4.0,97%,100%,1,1.4,3.0,1.6,3.0,2.3,2.5
"ASUS - Bangkok, 10","Bangkok, 10",Thailand,"Bangkok, 10","https://www.glassdoor.com/Reviews/ASUS-Bangkok-Reviews-EI_IE40093.0,4_IL.5,12_IC3179725.htm",3.9,79%,100%,8,4.5,3.5,4.0,3.7,3.1,3.4
"ASUS - Dubai, DU","Dubai, DU",United Arab Emirates,"Dubai, DU","https://www.glassdoor.com/Reviews/ASUS-Dubai-Reviews-EI_IE40093.0,4_IL.5,10_IC2204498.htm",2.6,3%,100%,19,2.3,1.9,1.7,2.2,2.3,2.2
"ASUS - Jakarta, JK","Jakarta, JK",Indonesia,"Jakarta, JK","https://www.glassdoor.com/Reviews/ASUS-Jakarta-Reviews-EI_IE40093.0,4_IL.5,12_IC2709872.htm",4.0,99%,100%,15,4.6,3.6,4.3,4.2,3.8,4.0
"ASUS - Kuala Lumpur, 14","Kuala Lumpur, 14",Malaysia,"Kuala Lumpur, 14","https://www.glassdoor.com/Reviews/ASUS-Kuala-Lumpur-Reviews-EI_IE40093.0,4_IL.5,17_IC2986682.htm",4.9,55%,,5,4.0,4.0,4.9,4.0,5.0,3.0
"ASUS - Manila, D9","Manila, D9",Philippines,"Manila, D9","https://www.glassdoor.com/Reviews/ASUS-Manila-Reviews-EI_IE40093.0,4_IL.5,11_IC2363570.htm",4.1,87%,,11,3.9,1.7,4.8,3.9,3.5,3.9
"ASUS - Mumbai, MH","Mumbai, MH",India,"Mumbai, MH","https://www.glassdoor.com/Reviews/ASUS-Mumbai-Reviews-EI_IE40093.0,4_IL.5,11_IC2851180.htm",3.3,99%,99%,28,3.4,3.7,3.0,3.1,3.4,3.0
"ASUS - Seoul, 11","Seoul, 11",South Korea,"Seoul, 11","https://www.glassdoor.com/Reviews/ASUS-Seoul-Reviews-EI_IE40093.0,4_IL.5,10_IC3021489.htm",3.0,100%,,1,3.0,4.0,2.0,3.0,4.0,3.0
ASUS - Singapore,Singapore,Singapore,Singapore,"https://www.glassdoor.com/Reviews/ASUS-Singapore-Reviews-EI_IE40093.0,4_IL.5,14_IC3235921.htm",2.8,37%,44%,50,3.1,2.7,2.7,2.6,2.6,2.3
"ASUS - Taipei, TPQ","Taipei, TPQ",Taiwan,"Taipei, TPQ","https://www.glassdoor.com/Reviews/ASUS-Taipei-Reviews-EI_IE40093.0,4_IL.5,11_IC3271041.htm",3.7,67%,98%,524,3.3,3.8,3.3,3.1,3.5,2.8
"ASUS - Tokyo, 40","Tokyo, 40",Japan,"Tokyo, 40","https://www.glassdoor.com/Reviews/ASUS-Tokyo-Reviews-EI_IE40093.0,4_IL.5,10_IC2851580.htm",1.0,,,2,1.0,1.0,2.0,1.0,1.0,3.0
"ASUS - Santiago, RM","Santiago, RM",Chile,"Santiago, RM","https://www.glassdoor.com/Reviews/ASUS-Santiago-Reviews-EI_IE40093.0,4_IL.5,13_IC2434030.htm",5.0,100%,,1,5.0,3.0,3.0,4.0,5.0,4.0
"ASUS - São Paulo, SP","São Paulo, SP",Brazil,"São Paulo, SP","https://www.glassdoor.com/Reviews/ASUS-S%C3%A3o-Paulo-Reviews-EI_IE40093.0,4_IL.5,14_IC2479061.htm",3.2,55%,100%,3,3.1,2.4,3.7,2.3,1.6,2.1
"ASUS - Sydney, NSW","Sydney, NSW",Australia,"Sydney, NSW","https://www.glassdoor.com/Reviews/ASUS-Sydney-Reviews-EI_IE40093.0,4_IL.5,11_IC2235932.htm",1.2,1%,53%,22,1.0,1.0,1.0,1.0,1.0,1.0
Compal Electronics - Global,Global,,Global,https://www.glassdoor.com/Reviews/Delta-Electronics-Reviews-E41146.htm,3.6,66%,81%,754,3.5,3.5,3.6,3.4,3.5,3.2
"Compal Electronics - Emmen, DR","Emmen, DR",Netherlands,"Hoofddorp, NH","https://www.glassdoor.com/Reviews/Delta-Electronics-Hoofddorp-Reviews-EI_IE41146.0,17_IL.18,27_IC3063772.htm",3.3,53%,99%,18,3.6,3.3,3.6,3.1,2.3,2.6
"Compal Electronics - Taipei, TPQ","Taipei, TPQ",Taiwan,"Taipei, TPQ","https://www.glassdoor.com/Reviews/Delta-Electronics-Taipei-Reviews-EI_IE41146.0,17_IL.18,24_IC3271041.htm",4.0,93%,90%,118,3.5,4.2,3.9,3.2,3.9,3.4
Google - Global,Global,,Global,https://www.glassdoor.com/Reviews/Google-Reviews-E9079.htm,4.4,87%,82%,"48,118",4.4,4.2,4.5,4.2,4.2,3.9
Lenovo - Global,Global,,Global,https://www.glassdoor.com/Reviews/Lenovo-Reviews-E8034.htm,3.9,77%,87%,"3,519",4.0,3.7,3.8,3.8,3.5,3.4
"Lenovo - Fremont, CA","Fremont, CA",United States,"Chicago, IL","https://www.glassdoor.com/Reviews/Lenovo-Chicago-Reviews-EI_IE8034.0,6_IL.7,14_IC1128808.htm",2.0,11%,74%,45,2.2,1.3,2.7,1.7,2.3,1.3
"Lenovo - Ratingen, NW","Ratingen, NW",Germany,"Stuttgart, BW","https://www.glassdoor.com/Reviews/Lenovo-Stuttgart-Reviews-EI_IE8034.0,6_IL.7,16_IC2507190.htm",5.0,99%,100%,1,4.6,3.5,4.0,4.6,3.4,3.1
"Lenovo - Mumbai, MH","Mumbai, MH",India,"Bengaluru, KA","https://www.glassdoor.com/Reviews/Lenovo-Bengaluru-Reviews-EI_IE8034.0,6_IL.7,16_IC2940587.htm",3.9,71%,94%,192,3.8,3.5,3.9,3.7,3.2,3.1
"Lenovo - São Paulo, SP","São Paulo, SP",Brazil,"Campinas, SP","https://www.glassdoor.com/Reviews/Lenovo-Campinas-Reviews-EI_IE8034.0,6_IL.7,15_IC2490130.htm",2.1,36%,100%,2,1.5,1.9,2.3,2.1,1.9,1.9
"Lenovo - Sydney, NSW","Sydney, NSW",Australia,"Sydney, NSW","https://www.glassdoor.com/Reviews/Lenovo-Sydney-Reviews-EI_IE8034.0,6_IL.7,13_IC2235932.htm",3.5,53%,59%,42,2.9,2.3,2.8,2.5,2.5,2.6
Pegatron - Global,Global,,Global,https://www.glassdoor.com/Reviews/Pegatron-Reviews-E337948.htm,3.3,44%,69%,506,3.3,3.2,3.0,3.1,3.1,2.9
"Pegatron - Fremont, CA","Fremont, CA",United States,"Jeffersonville, IN","https://www.glassdoor.com/Reviews/Pegatron-Jeffersonville-Reviews-EI_IE337948.0,8_IL.9,23_IC1145141.htm",2.7,8%,2%,34,3.4,2.2,1.9,2.0,1.3,1.4
TSMC - Global,Global,,Global,https://www.glassdoor.com/Reviews/TSMC-Reviews-E4130.htm,3.3,46%,74%,"2,135",2.8,2.2,3.8,2.6,3.5,2.7
"TSMC - Taipei, TPQ","Taipei, TPQ",Taiwan,"Hsinchu, TXG","https://www.glassdoor.com/Reviews/TSMC-Hsinchu-Reviews-EI_IE4130.0,4_IL.5,12_IC4915323.htm",3.5,52%,81%,613,2.9,2.5,3.9,2.8,3.7,2.9
